path,id
A3.json,9kE4PA73P4WZFZ8S2r_Rq8hToXmC9p-TFdgWYgiH1KQ
A59.json,T2u67cvj6wonFbsFJvf5q3K2mrQVWmhlExRJ3LkS_YA
A136.json,y9e4rkxTKVPtk3gZsl-Yewj6GjOBn6Vonp4ha3dSx0s
A22.json,-HmQTrSIPTVxiaL9stjzBGmRGdbBWbETDSd-mOYBCiA
A75.json,mz-A26FxiDhJWM1a7-gg4Rhodj0HTmXQ2Hd8nDRJcOo
A198.json,Y2gnhU09uKulvQQuiVrpb9TlYLaf60fUZnmrNDcSNUs
A161.json,yVQGiooENf_CU9PZ__D7lT-rGwpuAI7ZKGJiju2ePv8
A63.json,lfToMq1pT4IKUWIhk-ToOCnourqr3YnnLnjmJDFnhxM
A177.json,TaFnv44y1CcXMaz-aXs51HobX0iagxz0kaGoKOzpM3w
A120.json,HUivppor1ybluGyBIOCnN9fTTqh5CpAd_yPFd3dG6C8
A34.json,blC7k6gaZfCJaZOGGR8JrSaA45aq2U9hp3Yqj5dx0Gc
A157.json,YimBYVa2u13A__elLG2xs5kuXy1dse7L-8tOacofCIk
A14.json,ojJxkmNNtnS8fCo6CSuXp99Ih01GOXh0Ejt12wHKVHk
A43.json,KClBzdwIm03uZjCvHPe0EL5f9fKwH-VyFevXv8Osgbw
A100.json,rQuGq5N51BYko_GefcGSvwB3Psj0EShs0jb2NKBO6to
A116.json,EITLW3COkCcBPk0GnkI9DzsJWuSmevVXDrp0mT4Jovo
A141.json,XdBGHZFWq3rEPtO4iJP7gD1Rq7WiElIb7pMoNhWAQyM
A55.json,ALHAchwKshZq5Vjr_qgcq26zZiSKLomK6YQ5ACCVJoc
A182.json,93RK9lfN4fs1bowkHgOQDDdq9slqiOskYj92ySjYHks
A96.json,Vjz790qMiVVMaithbFG74_6eTLw0Aa8ziLE5niOJS48
A18.json,nFC86fIg_sb4QMbrYxQkVf2D9cp6GPhJ9xMix9EpS2w
A194.json,JSJVc72yiMujELX7iT1dfJSfYcQYpEJLFPbgqeMnffs
A79.json,vyrK30bXyPrF5CKPYjQaAv47NxdIeb_EtaJo42VH-Ns
A80.json,XG-GZmICu30b9xnruW7S1lBcMntABt8NuUeSv-Pf4JA
A39.json,y6-rcoSTA1oH89FNujX7yZG9BItTJ6UNiBlaFifKDbg
A38.json,dhHJDV_lo-fXP73CPOci7K-Zn26YcjU4x7Al6lghprQ
A81.json,ezzLnMGxUV5SoVLZJPf3dCvfuE6vjQU_h2nKhuVVlCA
A195.json,ySldu8eO159zR3jTzEIy22MmI2f1cmwkfoSvxv2Dzk8
A97.json,MrIFqpx_vf0oE4ZmCUVTU360BeKQy-MFCFLuXtX75mw
A183.json,sACJBV8nnPb2qRcgRaRBRzcsJeQTt0XVNoYfdsk6wck
A78.json,pxhAZv5kQ_Rq0Fgwn3j0tUBiguG7LTRbYSsflN9DCRs
A54.json,fZ_mseXKGnBeEMmV2tnKp6x0mRVZJS4S9TdFYC2_4sQ
A117.json,PDNwK6XHvhLPXuIOznN4NHQEbLQomFiblWm-7h2Sz3o
A140.json,Oxs0EViOjeVS-rY9J-putAZjBfGsrzawBoYXp0Gc2IM
A42.json,T0EAy3Z9MqMAojovZoIrS82NHlpJ6R3rmUe8scpnWRY
A156.json,0WJt3NwmEPKNfuH-UXE2joGVEQ2jx6xNxUru9ujNA7c
A101.json,KBjTETf3786U2dfO9YqtJA3TY4lNfO2gE2_PI3qLXrE
A15.json,RUzwDYsIOXvGd5F0FUDiT-DcMpmIu5rdXfRoRl0BE7g
A121.json,Q2m1ARMwKBPFBxLCtH7UoFmk30-JxYJTmgwhuUPSQ3g
A35.json,OALbq9SdyCt8fGzTIz5edYEGSlZTm4mF6xYJAydX1t0
A199.json,QIG4W6z-1GeWOOkqHTC6GAeCpLqNXDwr8t_-r5pOp0E
A176.json,OOtUjc3Xa2whFP0AXdSm0zKOQcNu_g6U_LfG4KKudwc
A62.json,yI5Zsx74FmiWB8emAYXIpXxKHaw2hVlr8TeWs0ebtq8
A160.json,qLt83f1XNY4vnoU1AUr5bRagY1TUubU2OWR9bynZrto
A137.json,UshTY8IwQyXrZFqyg2Nhyvd7n9s8f9d4pvos3p8mfwI
A74.json,L80Wrl4qPdCqoOVedubH3vY15cGiL8ABjT7EqI0vVSc
A23.json,_SNGz_fMpA9vUk4bi8FjGb5FJDrhJifG2phyOZf-fb4
A2.json,RDXgA0TRchbWuv9lscvyEyD3KpspsP07Uu6iVwTG_CQ
A58.json,QLgas0AOkloBckqrkh2H2yLtyl_N36EvNsRCSfUlwKA
A45.json,HuamY_4IrJXVeGRPU0kTo2gPr97RGQJgh2XN-gmgjUg
A151.json,ZwuZPML8zZv3yJRTxLagUPulwzstrjOyxtwqG-BZSys
A19.json,yz9XrqTs_HGzI056WVRGtipGLousVjYOH9Yt59yMbew
A106.json,_RoIMTlEK2XhnXx6ufu-EQug5wUD_7LlenWQHYs7-fg
A9.json,ahqF0D0hY_6NMO1ouPVRzEoV9kIRMs_sXXyXQM73Lho
A110.json,9DaPSQdNngEAr6vVmsvizZpn6mxDavGSR765XBYDz14
A12.json,TRJNztOPeHv19E2NUp4MQjjAwqUySfdbqj3desG0oUs
A53.json,YMKiVUQ9Za-yBGd0XJ3ayVgSNISqyHLMtrYSJ8VHhjM
A147.json,YQ-gU3vkks95xg24w-bjvYlumQ-DO_7vYOspyi0yDBI
A28.json,QFnRrW1_EkVrWvqx0AaKAcA5zgDEyRcCxR7fjrVw6mg
A184.json,lIGGCd7AH-Ciu-psbomBu1Plt2moCsRvzQKzajdObeQ
A90.json,3RHxUZoCu4u_azTaRO__srl77UqGv9_hJxaqezt43-M
A49.json,WPtA1dKccoEMlsiHBD3aXOm2Gqek8smmFuTGKJGG9bk
A69.json,rtOt5E-ta7R541BqBDDkCAotTuMguY5GUJksuvqlqqQ
A192.json,EsJfaYXekM2DyofTy1XSxl_XxLXDcJQaTNUpvklOtSc
A86.json,Mwv0LOrPyuPTJJ5gUs7kr-Gv6l-ZXTfqSGrOAuCJw9w
A5.json,CsVu5IxDIrv0qQrgjwKEdL3ZfnPhftK1V51vSeVGRLY
A24.json,BTn_iv-XGF8-XBVylHxDqPFxMtq4JMskNSMl2M-EIN4
A73.json,CkbyKdiGw8AqfrxoVmyb1f51LbskvZlQXPsCl_72nVo
A130.json,AtUsXfHFKOyaZguciCQo9DZXIlA8bOE7l9OlH8EP0DU
A188.json,gCCW3ip_zaTUL1CyTxbrK5m1XViSX4KwawXj1us6Pbw
A167.json,Vg7mHr9webfW56uOmYC93RJmyV91iKeMjQ1Sm0aA5rc
A65.json,bRNIvTo2wpNY-TImp7abQYR6s2lYLxf_1sCGDs5QGcg
A171.json,XUekqtiYBeXCcmQy_W0qKkSFBdz0Y6L8WJcAVnCAkfk
A32.json,ApjzikhfNLqWqsK897_GIHvOZvSNaLXqQOcdMo7AKJc
A126.json,EnYLMF8d2ZRWBx2IoqQsnuY3MMnTcePWxtZZNy9Y-Tk
A127.json,cIR-503p9oLvOWSUgmgCnHZ1lCMlQRL2nUONI2Wioo8
A33.json,KQqa3xdgzxEpHv519WItgH7Tc5LuHQwOBLbKvps5Pmw
A170.json,zRgLlCNIzSKKs5gU7qPXPNyXqcQ0jWOS595sLvvJdN4
A64.json,jN7csAMVL_DTt2pYFv1etGusw7znFKjwqwjq6SjBcLo
A189.json,c7fiXmt9bG_4Q8WvJD37WK8bXShE1SLbC-mNyrmY290
A166.json,6z7rzvttJ2iSqjQsMNOmBGyFuQSkbJswjmFQHcBvPjM
A72.json,NNee7xfmimhDLQPM88vi4V9DLwQohnM_10oz0B9R_1U
A131.json,BIenaiDImkMveVyY0ecHt_EbJFFzia-1Uzk1NhnNhrQ
A25.json,0_2pabI2EAnoK00VFAAODwWdlg3sJa5gE4rDUNZr0Q0
A4.json,-YBMTieyUQ1GXvYAoyZmPi-ECZgKR3toET796jSinLY
A87.json,SBadpdUlB-viJwGklz-6-4u6QgKFoqFFGOxLh6pU9Kw
A48.json,YUYgucpMwi_DKXudIpVQn7qNOPtPdAt-c2yu6lp_nOs
A68.json,B9a4ma7FaMTBOh0D-XAU-8Zimqq_Uzv7fpA735xeiR0
A193.json,J8y_vibW9ERP0mqGywzvOcjoU2r4I587xTl1fVWQwAc
A91.json,fvjMw9FADESyv45rTw23W1YsyDH7cjOypmFmAHW-H3Q
A185.json,T7GKmNAA6ebkNvFyzRdYm_N8VOPACL2npQPqHF-GKUY
A29.json,MlB7cBE3PSDahjZGcLglMBzQ5gEXAUSeuT-BJzjXLRo
A52.json,Q_GlTRTw3TDGBYBQ8ikTsOHpAfmmytvPqtXDfFRV2Ug
A146.json,oab2rC0tzeNbdjiYLDp8q0-Ne3UYZMTxuhQafGA0tXs
A111.json,8sWaz8KZHL10VtTG8Dhk043E9F1J-0ivIDBDXDbU90E
A13.json,qBo80w_OUnuIRf5afVArRkyPb2M8agLBJUv4f0z0Er8
A8.json,2mvcyFWQyCqZgLkKKC83lcVdimRm57xrHziQDpdAYL0
A107.json,ZkViz8ZR8atbIrr6N2UP-_9D8jceYCCTUbdNXdkYzn4
A44.json,zGmJLcL2M0vlyNNEAqk_D8O8bHCVo4MqCVZKMWyrnYQ
A150.json,TheQ9wBMc7WPNaOw0pZ0G4wDipsXk1DWanK0TTxgJYY
A128.json,0gCN4GoCcnLK8VR7oCuTfezv_-AspdJtUmk6z-3cw1E
A84.json,7L11DR4ARiTIqe2Dh6EK_W5PFbwhlQRHASq3XM_yzaI
A190.json,JK3acmLzgiMC0oTnPhKZDmuCuqKFGIpY8zWjN4rJz-Q
A92.json,756hRWC29ZzuEyyKy6Ofais9QdqhFdvCxIFafvFxHyM
A186.json,obG9fWVXktIfIalTY6pgDja0LoAYB3AQqAnbZZLSqdE
A169.json,UteHClgNM3bIn5nh6sOITwrSkfz7VXY-4ZkYPeEh3vo
A112.json,IE5_SrxkFU8-f1KPkVKwknupv6KmfaRCqTs6TVcvOJg
A51.json,zrw-HOU54yENWNRBhR3iCl6eZLrIgBo-Iz1B-kTKgnU
A145.json,Ss8auEhcTXyh8ee9VBp7BH5oAfrMVDm2iSh9O60YrOE
A10.json,7PhKl5hP2e58TfFH_bLhgcwC29H1m93oy0zmqurfADc
A104.json,m8LeCBfYQkY4ZMEqhZiRe9b1X5gIr6xvDBBIqTZNEsI
A47.json,_QtzR4WaQfMWAjNx2EBE4fTW9rzzXD61hv3WhTeM7VU
A30.json,FQTK7-YBDyBiTupbSnGILmNSzS_rNklUw2I9LHBK_TU
A153.json,orvJkbP5NgoSWCbC1w9JWj2LdJjrJTzfuMh7N9aXTaI
A124.json,T9fmJkljU49vzFK8PrsqwmZsuGONtTitMZ3uSldfBgc
A67.json,wbe8g92XiHY2B3BiM8mDF8-__9mpxSDUsxkz6cJa1BI
A173.json,q5HwTomN7_SkSO4TTgDtPRyqho5nPdCNFBPeMd9mqFc
A88.json,oUxYaiJUGYhzT4QWJhTjw6IE6LXhytGIXdhY2MitrZU
A26.json,IdcAQDSXy7MoY7eN81Ob0DKC-Qw97OY_nWiG6N_-z0I
A132.json,d1Vv_dYlTpRT9A40pdo4S1GQ8Nt56sdsyoH6ZOliuww
A1.json,unique-id-1
A10.json,unique-id-10
A11.json,unique-id-11
A12.json,unique-id-12
A100.json,unique-id-100
A101.json,unique-id-101
A102.json,unique-id-102
A103.json,unique-id-103
A104.json,unique-id-104
A105.json,unique-id-105
A106.json,unique-id-106
A107.json,unique-id-107
A108.json,unique-id-108
A109.json,unique-id-109
A110.json,unique-id-110
A111.json,unique-id-111
A112.json,unique-id-112
A113.json,unique-id-113
A114.json,unique-id-114
A115.json,unique-id-115
A116.json,unique-id-116
A117.json,unique-id-117
A118.json,unique-id-118
A119.json,unique-id-119
A120.json,unique-id-120
A121.json,unique-id-121
