File Name,IPFS Hash
A1.json,bafkreidqg6ilrnogbgq7dscok4w5kquprlvymw7iuqdypo7wq2rudow7gm
A10.json,bafkreifporpnf3ntkj2ow24k24oosgvmfdsc63vvc7wawxggkmbohxwtli
A100.json,bafkreiax6ang25q6akr2bgzemkbk2y7km3nxg3kcqwvsflz2ftuvz5hvam
A101.json,bafkreifzlqkngynqeqc2knxasaupogjkjirh5hgziokzjlmfuhly4oogzq
A102.json,bafkreiepicntiplbf5i6ho6t7v6krtd33ppwwiqaq77nssn7hlp6jsn7ra
A103.json,bafkreibzrfcg6wlupavqhuxh5qp5sbnfy6fp7bzie4iz7afwgjqvypm3ne
A104.json,bafkreih7njxoabcsyeb7grb7poysubuabyverrpmlii66qj4vmm5pqvfmi
A105.json,bafkreifngxutas6sridekxymo5zmqbivutq7wtybdvyzorkmewdckkqtjq
A106.json,bafkreifd7d4vhxfzwsxrcuag2n5r2e3lunouthaw6kdhlthb3ozeet2nxe
A107.json,bafkreicn7j3d5b23idtpdr6rcvoovwm3x33627zh2lf4zygmjovaom5thq
A108.json,bafkreibsa2oxggulutoisgn2p7e3bbf2f7qdxsuq4tklm6xmkgsrjaxqf4
A109.json,bafkreih4wmndxkvipnqxntodeyjdzdhd4agsdhe3igo3h5oia4zbpzdqu4
A11.json,bafkreifapgs5nm4gcper6446t3dnj5enr4qf32bcgm2awur5qsyuibakay
A110.json,bafkreie6fwgcxa7pn43mfhhekf6lweb7eivwjnpdulq5knk3abjd6geb6a
A111.json,bafkreiepmzgun2glrcg7rki2flmbdl2wxvxkq4jcyn3udcv5kzwiqirknm
A112.json,bafkreichzhfav4kw6mfhecf3vhzgsugvp6okmqpaus53oxrnyvu446xpe4
A113.json,bafkreiakfpghqt7wmjfibc476aorr42ut6ofw465wc4qdoczpe2oeftcbq
A114.json,bafkreibvamxl6sxj3uosjtvfvfkj3y2lldqmqr44mwspvnc5ruqyqsj2ye
A115.json,bafkreifbdwqahyqx4wzrnfmmbcrlp324nzutavgthfnrhiooojene5kugm
A116.json,bafkreia34ap6ul5ah46b7t6ubbh2htsle6l3xx77tk3y2qc7kl3ym7erae
A117.json,bafkreicb6v22cigfpdk6ajfgpg7xcj42neskzqus3rdwmrse2n5yfwbune
A118.json,bafkreihqt3gnofmuetzcyeqjkskkdl5xwemll6gqo2qcsownuguxl4ib7a
A119.json,bafkreib55zhsxujzv2monnbbovz5m2cjcnbq5lm27mzb6oseuw4yxkog2q
A12.json,bafkreibjfhmzze7ybk74upvfogpbjqkipgxlqzcysfavt3dn2hhdv2pll4
A120.json,bafkreihrr3mkrbl2oz65kh7vn343smjgrtop44tzq2geu4rqpaumrx5nfq
A121.json,bafkre...